iceberg_id,timestamp,lat,lon,area_km2,u_wind,v_wind,u_current,v_current,segment_hours,length_km,width_km,sensor,obs_u,obs_v,dt_hours,phys_u,phys_v,residual_u,residual_v
B22I,2026-01-03,-70.5649,179.94745,45.0,-2.0646495819091797,-0.4092216491699219,-0.0611959714442491,0.0141894069965928,48.0,9.0,5.0,ascat,0.009943501419337085,0.015039982303580002,48.0,-0.02046960421917845,0.0036874673851461795,0.030413105638515535,0.011352514918433823
B22I,2026-01-05,-70.505,-179.9012,45.0,-1.6465511322021484,3.1329593658447266,-0.0778855928219854,-0.0017537541316414,48.0,9.0,5.0,ascat,0.032635732997666964,0.03863392775369755,48.0,-0.02488220819929498,0.0032196596733007708,0.05751794119696194,0.03541426808039678
B22I,2026-01-07,-70.49775,-179.88265,45.0,3.833316802978515,0.3580493927001953,-0.0002305745147168,0.0418972694315016,48.0,9.0,5.0,ascat,0.004001384681804892,0.004680350965650909,48.0,0.004502978188823902,0.012755763613554927,-0.0005015935070190099,-0.00807541264790402
B22I,2026-01-09,-70.50495000000001,-179.864,45.0,-0.3646507263183594,1.910383224487305,-0.0422108937054872,-0.0308733494020998,48.0,9.0,5.0,ascat,0.0040215291056140785,-0.004649296027289009,48.0,-0.012855923113688347,-0.006806961194113725,0.016877452219302425,0.002157665166824716
B22I,2026-01-11,-70.5194,-179.8639,45.0,-2.200502395629883,3.711597442626953,-0.0679757269099354,-0.0001081254013115,48.0,9.0,5.0,ascat,2.1547808772689793e-05,-0.009329651826824522,48.0,-0.022626627416105327,0.004393872907783102,0.02264817522487802,-0.013723524734607624
B22I,2026-01-13,-69.9484,-178.6333,45.0,2.96773910522461,2.392671585083008,-0.0202585334191098,0.0242708227597177,48.0,9.0,5.0,ascat,0.2726047088024852,0.36589826836691114,48.0,-0.0024226249152275088,0.00999502119545472,0.2750273337177127,0.35590324717145644
B22I,2026-01-15,-70.58,-179.58,45.0,-1.673419952392578,-2.948070526123047,0.0218884436180815,-0.0273452729452401,48.0,9.0,5.0,nic,-0.20337942491820962,-0.40936216847379386,48.0,0.004445587301726044,-0.011561973867452743,-0.20782501221993566,-0.39780019460634114
B22I,2026-01-17,-70.0067,-178.56035,45.0,-0.5395984649658203,-4.827667236328125,0.0335479184286668,0.0115237717982381,48.0,9.0,5.0,ascat,0.22525020055363085,0.3682543658932095,48.0,0.009228505505541103,-0.002365463568637576,0.21602169504808974,0.3706198294618471
B22I,2026-01-23,-70.55,-178.15,45.0,0.6899483998616537,0.9699242909749348,-0.0306843838576848,0.0057917186447108,144.0,9.0,5.0,nic,0.02942955820875925,-0.11702342731122724,144.0,-0.008206595961610042,0.0028608229169240496,0.03763615417036929,-0.11988425022815129
B22I,2026-01-29,-70.31,-178.21,45.0,1.4961039225260415,-1.573486328125,0.0078617901696513,0.0203894663912554,144.0,9.0,5.0,nic,-0.004354036209901637,0.05164943081652082,144.0,0.004097382886125331,0.004123653722602393,-0.00845141909602697,0.04752577709391843
B22I,2026-02-04,-69.9952,-178.4473,45.0,4.899884541829427,4.563429514567058,-0.0755057089651624,0.059289441909641,144.0,9.0,5.0,ascat,-0.017484129924822768,0.0677134832047868,144.0,-0.01637595862361626,0.022888115316812667,-0.0011081713012065092,0.04482536788797414
B22I,2026-02-06,-70.0043,-178.64535,45.0,-1.9164352416992188,-0.8484210968017578,-0.07834033947438,-0.0469413083046674,48.0,9.0,5.0,ascat,-0.043757366984443026,-0.0059461481701488005,48.0,-0.02533783189746613,-0.014824755731593203,-0.018419535086976895,0.008878607561444402
B22I,2026-02-08,-70.0197,-178.8722,45.0,-5.65228271484375,-2.294210433959961,-0.0731012728065252,-0.0648547899909317,48.0,9.0,5.0,ascat,-0.05008344722239418,-0.010035636091150157,48.0,-0.028250772889654416,-0.021819987324332844,-0.021832674332739766,0.011784351233182687
B22I,2026-02-10,-70.0355,-178.74795,45.0,0.9400596618652344,3.856229782104492,-0.0776717690750956,-0.0157209669123403,48.0,9.0,5.0,ascat,0.027410897200477468,-0.01022865958526039,48.0,-0.021735025941408824,-2.795393598057066e-05,0.04914592314188629,-0.010200705649279818
B22I,2026-02-12,-70.05,-178.8,45.0,4.444692611694336,-2.1383609771728516,0.0047319079749286,-0.0140135978581383,48.0,9.0,5.0,nic,-0.01147480725501774,-0.00936634112855143,48.0,0.006692255948756455,-0.006673458005803514,-0.018167063203774196,-0.002692883122747916
B22I,2026-02-18,-69.825,-178.1654,45.0,6.866006851196289,-4.890952428181966,0.0076325588403657,0.0182917588390409,144.0,9.0,5.0,ascat,0.04713711985298665,0.04817541093154104,144.0,0.01043297394207817,-0.00044935454947412756,0.03670414591090848,0.048624765481015166
B22I,2026-02-20,-69.7594,-178.2137,45.0,0.3384666442871094,-0.6916656494140625,-0.0414567780680954,0.0063860797090455,48.0,9.0,5.0,ascat,-0.010796622950162822,0.042346977684221326,48.0,-0.011795620945074053,0.0010544500035188436,0.0009989979949112313,0.04129252768070248
B22I,2026-02-24,-69.67245,-178.37965,45.0,6.1123151779174805,1.1768465042114258,-0.0238918843388091,0.0413278278429061,96.0,9.0,5.0,ascat,-0.01862384837633102,0.02804184047406902,96.0,0.0002577901730951354,0.013564527456065106,-0.018881638549426157,0.014477313018003913
B22I,2026-02-26,-69.52,-178.37,45.0,-2.715423583984375,-2.5398101806640625,-0.0270633262261981,-0.0220854736398905,48.0,9.0,5.0,nic,0.00218149582533605,0.09841907516614849,48.0,-0.011201600254162163,-0.00952740055381671,0.013383096079498212,0.1079464757199652
B22I,2026-02-28,-69.38810000000001,-178.18380000000002,45.0,-3.2216320037841797,0.383148193359375,-0.0426872819953132,0.0072261804016307,48.0,9.0,5.0,ascat,0.04235174131740467,0.08508665262666369,48.0,-0.016402756884507094,0.002583263431049853,0.05875449820191177,0.08250338919561384
B22I,2026-03-02,-69.30055,-178.16660000000002,45.0,-2.8411903381347656,3.901058197021485,-0.0279279540554853,0.0383026404306292,48.0,9.0,5.0,ascat,0.003928071185469216,0.05651865978589228,48.0,-0.011605992111530338,0.015922662338125036,0.015534063296999554,0.04059599744776725
B22I,2026-03-04,-69.2744,-178.1029,45.0,0.1871109008789062,0.0133838653564453,0.0003355599910719,0.0257010076893493,48.0,9.0,5.0,ascat,0.01456511364372002,0.016873838223375667,48.0,0.0003218530817514938,0.007578821296508263,0.014243260561968526,0.009295016926867405
B22I,2026-03-06,-69.2398,-178.0773,14.0,-6.321981430053711,0.9104290008544922,-0.0309863896109163,-0.0028098192997276,48.0,7.0,2.0,ascat,0.005862817752919555,0.022335095316783675,48.0,-0.016656455246889974,0.0002587643887974287,0.02251927299980953,0.022076330927986245
B22I,2026-03-08,-69.2269,-178.0611,14.0,-6.946802139282227,3.1226959228515625,-0.0466673809569329,0.0029669128125533,48.0,7.0,2.0,ascat,0.00371226585319265,0.00832718937997589,48.0,-0.022015828053463568,0.004596540464226085,0.02572809390665622,0.0037306489157498046
B22I,2026-03-10,-69.17835,-177.6991,14.0,5.795841217041016,-2.705604553222656,0.0376802905229851,0.0544387514237314,48.0,7.0,2.0,ascat,0.0831377448994151,0.03109612303622634,48.0,0.01799885742584861,0.012793175401265795,0.06513888747356648,0.018302947634960546
B22I,2026-03-12,-69.0606,-177.30915,14.0,5.830875396728516,-5.664987564086914,0.0467306748032569,0.0562440478242933,48.0,7.0,2.0,ascat,0.09004013570807966,0.07572695664590251,48.0,0.020703827636510803,0.009795654302524583,0.06933630807156885,0.06593130234337793
B22I,2026-03-14,-68.98695000000001,-177.53905,14.0,-1.152444839477539,4.775110244750977,-0.0316594261676073,0.0532122896984219,48.0,7.0,2.0,ascat,-0.05326265035389629,0.04744428858172298,48.0,-0.010690375586467316,0.021352239708616445,-0.042572274767428975,0.026092048873106538
B22I,2026-03-16,-68.92125,-177.61635,14.0,0.9030380249023438,12.314685821533203,-0.0312096977140754,0.0797366201877594,48.0,7.0,2.0,ascat,-0.01796210692952854,0.04240036713811141,48.0,-0.008107089528304487,0.03814752804422934,-0.009855017401224053,0.00425283909388207
B22I,2026-03-18,-68.87575000000001,-177.71845,14.0,4.206535339355469,2.339681625366211,0.0395911880768835,0.0589289132039994,48.0,7.0,2.0,ascat,-0.023773675437487554,0.029351905206618734,48.0,0.016666083993774776,0.020130439093050123,-0.04043975943126233,0.00922146611356861
B22I,2026-03-20,-68.8164,-177.66335,14.0,3.736673355102539,-3.055784225463867,0.0240267592489544,0.0914005360100418,48.0,7.0,2.0,ascat,0.012864234112492696,0.038306267295882386,48.0,0.011525783263612678,0.023252118331211335,0.001338450848880018,0.015054148964671051
B22I,2026-03-22,-68.72370000000001,-177.63235,14.0,7.757739305496216,-2.677209854125977,0.0259955748915672,0.0876054167747497,48.0,7.0,2.0,ascat,0.007267772635370759,0.059837993448475645,48.0,0.016899832326723575,0.022586764341512404,-0.009632059691352817,0.03725122910696324
B22I,2026-03-24,-68.6585,-177.3889,14.0,8.867069244384766,-4.282466888427734,0.0245977016165852,0.065707875881344,48.0,7.0,2.0,ascat,0.05724190457787134,0.041974288878521906,48.0,0.017811249047569915,0.014229021992498793,0.03943065553030142,0.027745266886023114
B22I,2026-03-26,-68.5403,-177.4528,14.0,12.22963523864746,-1.0568866729736328,0.00939399714116,0.0738537050783634,48.0,7.0,2.0,ascat,-0.015103947997644777,0.07629122257124622,48.0,0.01734686421177878,0.020472206018688537,-0.03245081220942356,0.055819016552557686
B22I,2026-03-28,-68.4872,-177.41244999999998,14.0,6.568578720092773,-3.669889450073242,0.0235470994375646,0.0276004314655438,48.0,7.0,2.0,ascat,0.009559926279944685,0.034272999057547895,48.0,0.014761386805735677,0.003745835245234453,-0.005201460525790992,0.03052716381231344
B22I,2026-03-30,-68.40025,-177.29485,14.0,1.048614501953125,-0.9935779571533204,-0.0149591827066615,0.0275678726611658,48.0,7.0,2.0,ascat,0.027969520563893978,0.056099186744749834,48.0,-0.00315157525687012,0.006927474834110662,0.031121095820764097,0.04917171191063917
B22I,2026-04-01,-68.31245,-177.56945000000002,14.0,-3.5696887969970703,8.369758605957031,-0.0707115991972386,0.0417650607414543,48.0,7.0,2.0,ascat,-0.065562074718688,0.056527912662415164,48.0,-0.02506430515093093,0.022269981479122923,-0.040497769567757066,0.03425793118329224
B22I,2026-04-03,-68.34295,-177.8682,14.0,4.2908935546875,12.725814819335938,-0.0401760484091937,0.0453143781051039,48.0,7.0,2.0,ascat,-0.07123253955096732,-0.019859931258234223,48.0,-0.00670589515854434,0.028508554854795108,-0.06452664439242299,-0.04836848611302933
B22I,2026-04-07,-68.3888,-177.9931,14.0,-1.4258737564086914,3.2221546173095703,-0.0084663794841617,0.0269430151674896,96.0,7.0,2.0,ascat,-0.014860346407688043,-0.014812914434118266,96.0,-0.004191549212841249,0.01177042068087022,-0.010668797194846794,-0.026583335114988484
B22I,2026-04-09,-68.3887,-177.7121,14.0,3.5221424102783203,0.7152347564697266,0.0347324984322767,0.0416742553934454,48.0,7.0,2.0,ascat,0.06686571119467381,-8.78921967186894e-05,48.0,0.014420283405923814,0.01311604481720594,0.05244542778875,-0.01320393701392463
B22I,2026-04-11,-68.3192,-177.8648,14.0,1.4201583862304688,-0.4919319152832031,0.0418456979095935,0.0096749606891535,48.0,7.0,2.0,ascat,-0.03644714936023513,0.04481634610697728,48.0,0.014007041464991609,0.002260408366059055,-0.050454190825226744,0.042555937740918225
B22I,2026-04-15,-68.1988,-178.0168,14.0,6.39608097076416,0.5696916580200195,0.0257107597863068,0.0553436375921592,96.0,7.0,2.0,ascat,-0.018235797719792366,0.03883552580338711,96.0,0.015192387110582288,0.016964896993441222,-0.03342818483037466,0.021870628809945888
B22I,2026-04-17,-68.24905000000001,-177.93970000000002,14.0,-4.651021957397461,4.692970275878906,-0.051528600975871,0.0253185485489666,48.0,7.0,2.0,ascat,0.01845920761401076,-0.03244684934634648,48.0,-0.020708829713795323,0.01304619307014539,0.039168037327806084,-0.045493042416491866
B22I,2026-04-19,-68.2354,-178.1203,14.0,-0.9857387542724608,4.8634033203125,-0.0333039618562907,0.0130596728995442,48.0,7.0,2.0,ascat,-0.043264815801518974,0.00874747691253759,48.0,-0.01097552252514046,0.009642079803932196,-0.032289293276378514,-0.000894602891394607
B22I,2026-04-21,-68.27855,-178.48860000000002,14.0,1.1376895904541016,2.372488021850586,-0.0218306331662461,0.032149591948837,48.0,7.0,2.0,ascat,-0.08806382917598397,-0.02811541785197528,48.0,-0.005067378015602172,0.012289386763102447,-0.0829964511603818,-0.04040480461507773
